SRERWR,stringnamagerakan
-0.914742775,Hormat
-0.91584572,Hormat
-0.926306553,Hormat
-0.865228379,Hormat
-0.818436263,Hormat
-0.836594567,Hormat
-0.766106047,Hormat
-0.860635759,Hormat
-0.81043067,Hormat
-0.809587469,Hormat
-0.816535863,Hormat
-0.94733531,Ketua
-0.881249168,Ketua
-0.90207219,Ketua
-0.88756737,Ketua
-0.898745387,Ketua
-0.889552481,Ketua
-0.832933547,Ketua
-0.983152848,Ketua
-0.988966919,Ketua
-0.988028165,Ketua
-0.988002089,Ketua
